keys,values
com,1
html,2
php,3
org,4
htm,5
net,6
index,7
login,8
co,9
amp,10
id,11
wp,12
blogspot,13
uk,14
000webhostapp,15
ca,16
edu,17
content,18
en,19
us,20
ru,21
info,22
de,23
in,24
aspx,25
home,26
jp,27
the,28
app,29
paypal,30
asp,31
online,32
xyz,33
signin,34
openid,35
news,36
au,37
profile,38
includes,39
email,40
page,41
br,42
of,43
admin,44
secure,45
and,46
account,47
update,48
top,49
mail,50
to,51
www,52
tk,53
web,54
auth,55
cmd,56
weebly,57
pl,58
gov,59
cgi,60
images,61
cn,62
duckdns,63
amazon,64
new,65
wordpress,66
facebook,67
countuser,68
me,69
it,70
fr,71
blog,72
my,73
js,74
session,75
connect,76
ml,77
view,78
location,79
plugins,80
bin,81
site,82
about,83
article,84
ga,85
fid,86
cf,87
customer,88
http,89
timelimit,90
support,91
security,92
service,93
css,94
fb,95
cfm,96
at,97
eu,98
for,99
submit,100
main,101
on,102
https,103
tv,104
ch,105
tripod,106
products,107
chase,108
live,109
mobile,110
shtml,111
ref,112
verify,113
city,114
nl,115
ac,116
dispatch,117
themes,118
dhl,119
office,120
country,121
gate,122
forum,123
pages,124
center,125
default,126
es,127
search,128
club,129
articles,130
gq,131
pdf,132
montreal,133
shop,134
cc,135
by,136
mx,137
help,138
myaccount,139
forums,140
wiki,141
history,142
webscr,143
icu,144
product,145
cloud,146
za,147
data,148
user,149
link,150
apple,151
free,152
english,153
confirm,154
2f,155
verification,156
olx,157
post,158
archive,159
instagram,160
biz,161
category,162
review,163
state,164
canada,165
battle,166
rand,167
rakuten,168
be,169
files,170
uploads,171
media,172
nextvrf,173
ee,174
yahoo,175
linkedin,176
3a,177
video,178
cl,179
information,180
details,181
services,182
nav,183
ebay,184
list,185
buzz,186
music,187
key,188
log,189
banks,190
business,191
do,192
file,193
with,194
all,195
ir,196
sports,197
action,198
userid,199
hd,200
doc,201
eng,202
go,203
no,204
show,205
identity,206
team,207
lang,208
ap,209
cs,210
select,211
payee,212
jsp,213
dropbox,214
card,215
specs,216
software,217
personal,218
runescape,219
smbc,220
em,221
people,222
true,223
tag,224
netlify,225
archives,226
pro,227
kansas,228
store,229
sign,230
detail,231
source,232
contact,233
events,234
up,235
nz,236
cox,237
pp,238
halifax,239
films,240
ro,241
is,242
run,243
google,244
directing,245
blogs,246
public,247
album,248
mazon,249
att,250
yolasite,251
your,252
13inboxlight,253
error,254
film,255
showthread,256
pc,257
fav,258
modules,259
s3,260
one,261
check,262
digital,263
join,264
world,265
onedrive,266
billing,267
se,268
aol,269
inc,270
exe,271
pay,272
access,273
core,274
football,275
from,276
index2,277
story,278
bank,279
webmail,280
download,281
library,282
ar,283
locale,284
lg,285
io,286
img,287
wikia,288
event,289
quebec,290
re,291
portal,292
device,293
gr,294
ua,295
client,296
remax,297
national,298
st,299
best,300
e2,301
work,302
webcindario,303
bankofamerica,304
hsbc,305
system,306
3d,307
code,308
item,309
wixsite,310
name,311
full,312
form,313
recovery,314
ssl,315
payment,316
ma,317
glitch,318
topic,319
apps,320
alibaba,321
vs,322
gallery,323
group,324
gb,325
fi,326
game,327
produto,328
usa,329
wa,330
qc,331
return,332
windows,333
company,334
microsoft,335
identifier,336
dk,337
host,338
john,339
appdomain,340
school,341
utm,342
games,343
american,344
option,345
la,346
pk,347
research,348
netflix,349
jehfuq,350
season,351
united,352
art,353
d3,354
temp,355
max,356
lloyds,357
well,358
mode,359
cz,360
whatsapp,361
california,362
community,363
cat,364
fbcom,365
faculty,366
reviews,367
accounts,368
tr,369
si,370
grup,371
ddns,372
ws,373
sharepoint,374
age,375
logon,376
hu,377
directory,378
county,379
artists,380
projects,381
pe,382
docs,383
storage,384
local,385
domain,386
preview,387
tmweb,388
asia,389
jobs,390
chat,391
ns,392
cp,393
justns,394
document,395
db,396
get,397
itemid,398
users,399
artist,400
upgrade,401
bio,402
movie,403
uz,404
tech,405
known,406
test,407
wellsfargo,408
ae,409
wells,410
watch,411
redirect,412
type,413
tax,414
setup,415
cibc,416
off,417
order,418
life,419
movies,420
components,421
mod,422
upload,423
resources,424
aspxn,425
pape,426
xsph,427
missouri,428
5q5e5o,429
swtest,430
pid,431
black,432
network,433
pt,434
press,435
firebaseapp,436
bill,437
office365,438
ie,439
next,440
adobe,441
band,442
cmnd,443
templates,444
canadian,445
house,446
language,447
website,448
china,449
cache,450
oakland,451
ip,452
drive,453
real,454
track,455
repl,456
ha004,457
absa,458
manage,459
tumblr,460
paul,461
photos,462
vendor,463
timeline,464
staff,465
image,466
handle,467
old,468
book,469
20online,470
finance,471
object,472
xml,473
hotel,474
ne,475
assoc,476
secured,477
owa,478
ph,479
as,480
url,481
skullid,482
outlook,483
basketball,484
david,485
members,486
claimed,487
books,488
welcome,489
links,490
umbler,491
start,492
banking,493
guide,494
assets,495
jpg,496
cup,497
ms,498
ke,499
checkid,500
now,501
royal,502
il,503
samsung,504
4g,505
vn,506
board,507
family,508
abuse,509
livejournal,510
delivery,511
foodpages,512
logs,513
cam,514
node,515
posts,516
fonts,517
alert,518
orange,519
red,520
c3,521
listing,522
south,523
law,524
azurewebsites,525
west,526
lib,527
title,528
src,529
2fauth,530
star,531
tw,532
interview,533
kr,534
2fspecs,535
college,536
east,537
desjardins,538
2f2,539
international,540
atb,541
states,542
jpflex,543
ing,544
time,545
marketplace,546
rs,547
cdn,548
validation,549
videos,550
amazonaws,551
checkpoint,552
smart,553
project,554
bandcamp,555
xn,556
hk,557
click,558
entertainment,559
region,560
or,561
confirmation,562
management,563
pw,564
13inboxlightaspxn,565
sid,566
league,567
hr,568
boa,569
power,570
securessl,571
excel,572
indexx,573
clc,574
radio,575
hockey,576
sg,577
catalog,578
6159368de39251d7a,579
smartphone,580
webapps,581
dr,582
homepage,583
air,584
tickets,585
styles,586
fbg,587
player,588
path,589
nobody,590
san,591
server,592
uni,593
www2,594
appleid,595
ohio,596
mobi,597
dev,598
sites,599
photo,600
high,601
mo,602
results,603
token,604
schools,605
promocao,606
royalmail,607
box,608
rss,609
cd,610
you,611
design,612
appidkey,613
ppl,614
out,615
first,616
case,617
stories,618
players,619
companies,620
baseball,621
series,622
cid,623
sa,624
features,625
ourtime,626
france,627
sc,628
le,629
bb,630
casa,631
estate,632
codashop,633
desktop,634
icloud,635
centre,636
bmo,637
market,638
weblogin,639
viewtopic,640
sessionid,641
documents,642
cr,643
fbook,644
wetransfer,645
d0,646
grand,647
tour,648
tela,649
plus,650
global,651
park,652
vjoxk0qwhtogydw,653
big,654
hotels,655
day,656
math,657
obituaries,658
publications,659
monster,660
webs,661
suntrust,662
we,663
james,664
open,665
our,666
typepad,667
cyou,668
camera,669
medium,670
al,671
browse,672
su,673
sesion,674
mycraftmail,675
sec,676
bokep,677
5e,678
disney,679
green,680
tmp,681
match,682
university,683
find,684
blue,685
mufg,686
kylelierman,687
16mb,688
administrator,689
mkt,690
auto,691
member,692
travel,693
arts,694
cities,695
settings,696
wi,697
report,698
general,699
education,700
section,701
catid,702
fbookcom,703
lc,704
authentication,705
api,706
hmrc,707
text,708
th,709
robert,710
airport,711
athletics,712
dir,713
bc,714
o2,715
ps,716
pictures,717
records,718
north,719
mastercard,720
phpunit,721
mai,722
an,723
7d,724
android,725
fire,726
cliente,727
libraries,728
sycho,729
reg,730
more,731
express,732
display,733
iloystgnjfrgthteawvo,734
galaxy,735
languages,736
classic,737
deviantart,738
remove,739
space,740
weryfikacja,741
area,742
sourceforge,743
refund,744
meusprodutos,745
prefetch,746
sale,747
nhl,748
v2,749
fun,750
lt,751
hot,752
how,753
homestead,754
ad,755
simplepie,756
love,757
postsfb,758
bar,759
updates,760
three,761
ba,762
campaign,763
dual,764
internet,765
am,766
genealogy,767
panel,768
20profile,769
az,770
docusign,771
zip,772
cms,773
profiles,774
health,775
template,776
od,777
tools,778
charles,779
2findex,780
ii,781
department,782
index1,783
stream,784
dll,785
biography,786
alumni,787
faq,788
hotmail,789
ng,790
led,791
craigslist,792
pa,793
pr,794
read,795
manager,796
santander,797
year,798
india,799
lyrics,800
request,801
cbcxt,802
tracking,803
set,804
washington,805
bob,806
bofa,807
2fidentifier,808
today,809
share,810
credit,811
vodafone,812
personas,813
sp,814
tracking2,815
map,816
magazine,817
chip,818
static,819
dns,820
william,821
america,822
gc,823
mcgill,824
suite101,825
vip,826
back,827
64gb,828
scripts,829
bg,830
k12,831
2c,832
soccer,833
hall,834
loginform,835
e8273,836
wcnv20,837
hs,838
webnode,839
godaddysites,840
priv8,841
song,842
what,843
comments,844
mark,845
class,846
locations,847
berkeley,848
bios,849
win,850
limited,851
pub,852
are,853
schedule,854
papers,855
serveirc,856
excelz,857
safety,858
fbclid,859
apprevert,860
ok,861
sk,862
mn,863
jean,864
americanas,865
dashboard,866
toapp,867
tokyo,868
ex,869
iniciar,870
acesso,871
york,872
awards,873
nfl,874
microsoftonline,875
mpp,876
kahulasup,877
platform,878
marketing,879
play,880
ed,881
calendar,882
man,883
gold,884
releases,885
asb,886
snsc,887
cancel,888
terms,889
identifiantunique,890
dvd,891
steve,892
author,893
indiana,894
acc,895
websrc,896
bid,897
agricole,898
girl,899
aruba,900
4k,901
common,902
ali,903
not,904
white,905
linux,906
celebrity,907
arashi,908
usfacebook,909
2fen,910
mp3,911
compte,912
branch,913
texas,914
actors,915
sms,916
2fd3,917
square,918
part,919
mps,920
lloydsbank,921
property,922
tom,923
message,924
citi,925
invoice,926
bizmail,927
websc,928
promo,929
michael,930
other,931
los,932
george,933
claim,934
delta,935
car,936
incorrect,937
ci,938
control,939
saint,940
latest,941
bay,942
ltd,943
txt,944
onlinebanking,945
deregister,946
sys,947
model,948
men,949
hdmi,950
irs,951
his,952
programs,953
acompanhamento,954
usaa,955
sub,956
sun,957
line,958
can,959
oh,960
last,961
ionos,962
allegro,963
register,964
zo,965
stepcoxmail,966
food,967
print,968
actor,969
made,970
social,971
cadastro,972
www1,973
ge,974
hosting,975
homes,976
science,977
long,978
who,979
el,980
hub,981
pomo,982
config,983
letter,984
festival,985
lima,986
articleid,987
jppost,988
trade,989
hentaiwonderland,990
conversor,991
collection,992
five,993
te,994
tx,995
joe,996
groups,997
lee,998
topics,999
may,1000
bridge,1001
prix,1002
oneddrive,1003
fm,1004
bd,1005
absaonline,1006
direct,1007
2fwww,1008
downloads,1009
prod,1010
task,1011
computer,1012
lu,1013
mil,1014
hash,1015
maint,1016
layouts,1017
payments,1018
ui,1019
processing,1020
summary,1021
buy,1022
sf,1023
scr,1024
20bank,1025
challenge,1026
sport,1027
journal,1028
program,1029
michigan,1030
chicago,1031
ebm,1032
date,1033
so,1034
crypt,1035
resume,1036
bnc,1037
thread,1038
teams,1039
army,1040
cu,1041
dating,1042
grub,1043
particulier,1044
copyright,1045
ve,1046
japan,1047
mysite,1048
dog,1049
scott,1050
clients,1051
edit,1052
proposal,1053
training,1054
audio,1055
xx,1056
joomla,1057
md,1058
overview,1059
usb,1060
aid,1061
frank,1062
blob,1063
13vqcr8bp0gud,1064
solutions,1065
valid,1066
ss,1067
listings,1068
webspace,1069
uid,1070
museum,1071
end,1072
policies,1073
pagename,1074
ct,1075
views,1076
ce,1077
jersey,1078
issue,1079
flash,1080
gratis,1081
ec,1082
tree,1083
two,1084
london,1085
mens,1086
poczta,1087
identificacao,1088
np,1089
safe,1090
jcb,1091
active,1092
fc,1093
its,1094
jack,1095
shows,1096
tabid,1097
minnesota,1098
utah,1099
loading,1100
custom,1101
nab,1102
demo,1103
htmlpasta,1104
ab,1105
ny,1106
advanced,1107
abc,1108
money,1109
over,1110
false,1111
release,1112
names,1113
ufc,1114
feed,1115
nu,1116
maps,1117
theme,1118
issues,1119
database,1120
night,1121
ning,1122
angeles,1123
baskbl,1124
novitium,1125
jim,1126
transfer,1127
docomo,1128
v3,1129
et,1130
pg,1131
java,1132
pki,1133
authorize,1134
viabcp,1135
summer,1136
ford,1137
place,1138
mi,1139
week,1140
will,1141
this,1142
airlines,1143
telekom,1144
banca,1145
paris,1146
chaseonline,1147
mp,1148
inicio,1149
accban,1150
5mp,1151
special,1152
technology,1153
industry,1154
jr,1155
kansascity,1156
ai,1157
jquery,1158
kayaclinic,1159
brown,1160
good,1161
central,1162
down,1163
french,1164
im,1165
king,1166
stats,1167
sh,1168
courses,1169
church,1170
rock,1171
why,1172
thomas,1173
war,1174
dead,1175
bradesco,1176
notification,1177
kamat,1178
pass,1179
toda,1180
github,1181
int,1182
easy,1183
gd,1184
cards,1185
smbcupdatebill,1186
luno,1187
boards,1188
realestate,1189
du,1190
jason,1191
coach,1192
viewarticle,1193
tutorials,1194
activation,1195
party,1196
aa,1197
2fus,1198
soft,1199
rules,1200
complete,1201
cm,1202
restaurant,1203
ice,1204
allen,1205
concordia,1206
lake,1207
a1,1208
ib,1209
make,1210
filxscum,1211
questions,1212
development,1213
mtb,1214
point,1215
oem,1216
bell,1217
alpha,1218
die,1219
models,1220
response,1221
europe,1222
union,1223
places,1224
signup,1225
enterpassword,1226
fargo,1227
nsw,1228
century,1229
comcast,1230
way,1231
entry,1232
street,1233
christian,1234
mlb,1235
great,1236
mike,1237
clubs,1238
da,1239
colors,1240
pre,1241
example,1242
16mp,1243
swiss,1244
tonohost,1245
rel7,1246
nd,1247
d1,1248
mit,1249
intro,1250
culture,1251
illinois,1252
peter,1253
lk,1254
png,1255
espace,1256
zzux,1257
sales,1258
bt,1259
lob,1260
systems,1261
navy,1262
cx,1263
jeff,1264
lists,1265
jane,1266
adam,1267
authors,1268
iphone,1269
ag,1270
oferta,1271
moonfruit,1272
final,1273
cap,1274
mua,1275
eric,1276
forms,1277
ebayisapi,1278
counties,1279
harvard,1280
mk,1281
ram,1282
lloyd,1283
mt,1284
gouv,1285
ff,1286
reports,1287
loginpage,1288
number,1289
universal,1290
stone,1291
road,1292
rivals,1293
tennis,1294
demon,1295
validate,1296
myee,1297
indexa,1298
oo,1299
gen,1300
yes,1301
building,1302
virginia,1303
nj,1304
current,1305
departments,1306
dbml,1307
fc2,1308
btc,1309
redacted,1310
phone,1311
newpayee,1312
natwest,1313
itau,1314
mac,1315
island,1316
id3,1317
rmv,1318
vercel,1319
fatturazione,1320
properties,1321
women,1322
fashion,1323
msn,1324
africa,1325
channel,1326
conference,1327
davis,1328
songs,1329
metal,1330
blues,1331
stanford,1332
status,1333
atbonline,1334
rm,1335
authenticate,1336
extension,1337
plesk,1338
bam,1339
mc,1340
notes,1341
tt,1342
studio,1343
job,1344
prepaidlegal,1345
selfie,1346
voice,1347
abn,1348
aboutus,1349
dance,1350
alex,1351
super,1352
verified,1353
style,1354
note,1355
rbglogon,1356
rbc,1357
tim,1358
landing,1359
richard,1360
itunes,1361
government,1362
survey,1363
brand,1364
look,1365
studios,1366
paper,1367
ireland,1368
corporate,1369
careers,1370
hindi,1371
informer,1372
interviews,1373
ofertas,1374
linea,1375
iso,1376
inv,1377
dc,1378
process,1379
package,1380
draft,1381
famous,1382
talk,1383
classes,1384
past,1385
attorneys,1386
panelas,1387
apartments,1388
preto,1389
3dnav,1390
success,1391
v1,1392
tinymce,1393
moto,1394
shopping,1395
folder,1396
eby,1397
standard,1398
mobilefb,1399
ads,1400
simplii,1401
sso,1402
toronto,1403
births,1404
tutorial,1405
columbia,1406
hubpages,1407
theatre,1408
revolution,1409
fiducia,1410
sr,1411
secureserver,1412
na,1413
sytes,1414
chekpoint,1415
apache,1416
bookmark,1417
race,1418
schwab,1419
energy,1420
connexion,1421
guitar,1422
land,1423
spec,1424
pageid,1425
jazz,1426
aviation,1427
death,1428
miss,1429
venues,1430
nasa,1431
kz,1432
prime,1433
3fref,1434
backup,1435
weather,1436
ngrok,1437
stores,1438
resource,1439
b5,1440
partners,1441
load,1442
stars,1443
golf,1444
award,1445
celebrities,1446
bbs,1447
z13,1448
cli,1449
vk,1450
medical,1451
po,1452
act,1453
nic,1454
ud,1455
hootsuite,1456
zone,1457
verificationattempt,1458
tips,1459
fl,1460
sex,1461
short,1462
collections,1463
wine,1464
td,1465
record,1466
young,1467
days,1468
court,1469
nude,1470
atendimento,1471
facebookus,1472
caixa,1473
os,1474
pop,1475
esy,1476
acct,1477
hali,1478
roster,1479
acces,1480
tripla,1481
icons,1482
vu,1483
restore,1484
drop,1485
lost,1486
inpost,1487
hp,1488
beget,1489
base,1490
police,1491
albums,1492
attorney,1493
joseph,1494
tramontina,1495
util,1496
financial,1497
parcel,1498
screen,1499
tid,1500
mpolvora,1501
cielo,1502
gt,1503
pecas,1504
henry,1505
body,1506
mountain,1507
pal,1508
dynamic,1509
ben,1510
british,1511
rel,1512
that,1513
guides,1514
feature,1515
hill,1516
moncompte,1517
imagenes,1518
private,1519
van,1520
voce,1521
dl,1522
netbank,1523
avi,1524
quotes,1525
interac,1526
master,1527
shared,1528
pm,1529
patrick,1530
menu,1531
official,1532
course,1533
just,1534
smith,1535
career,1536
station,1537
va,1538
chevrolet,1539
catholic,1540
identify,1541
widgets,1542
gmail,1543
insurance,1544
louis,1545
metro,1546
activity,1547
casino,1548
webapp,1549
del,1550
banco,1551
pic,1552
op,1553
bp,1554
codes,1555
phtml,1556
baby,1557
anderson,1558
controller,1559
spring,1560
nc,1561
electric,1562
tu,1563
train,1564
construction,1565
harry,1566
academics,1567
championship,1568
glossary,1569
district,1570
pennsylvania,1571
devices,1572
logo,1573
octa,1574
lv,1575
airbnb,1576
site1,1577
signim,1578
reset,1579
daum,1580
fucked,1581
add,1582
alerts,1583
sbc,1584
rest,1585
valley,1586
ultra,1587
pics,1588
inter,1589
zelle,1590
fort,1591
0d,1592
contents,1593
kids,1594
daily,1595
perl,1596
concert,1597
nsf,1598
obituary,1599
multiply,1600
atclid,1601
siteid,1602
change,1603
25gb,1604
docid,1605
impots,1606
my3,1607
xb,1608
misc,1609
notags,1610
acme,1611
items,1612
captcha,1613
like,1614
trailer,1615
msg,1616
golden,1617
certificates,1618
edition,1619
sort,1620
river,1621
heritage,1622
cast,1623
pierre,1624
arizona,1625
slovenia,1626
step,1627
mexico,1628
cprapid,1629
address,1630
legalshield,1631
con,1632
antiaderente,1633
fair,1634
dest,1635
tn,1636
room,1637
magazineluiza,1638
boston,1639
affiliate,1640
20of,1641
sm,1642
call,1643
fred,1644
cars,1645
plant,1646
wedding,1647
engineering,1648
have,1649
francisco,1650
citysearch,1651
senate,1652
yuku,1653
queen,1654
years,1655
memorial,1656
tags,1657
referrer,1658
zs,1659
sicurezza,1660
tc,1661
128gb,1662
exchange,1663
done,1664
foundation,1665
sitemap,1666
pubg,1667
mem,1668
dan,1669
include,1670
patch,1671
sangekasra,1672
sd,1673
academy,1674
tournament,1675
camp,1676
wallpaper,1677
route,1678
head,1679
late,1680
martin,1681
fans,1682
military,1683
bus,1684
cleveland,1685
comedy,1686
ubh,1687
sony,1688
dyndns,1689
c2,1690
intl,1691
sucursalpersonas,1692
rpost,1693
capital,1694
mid,1695
zyns,1696
feedback,1697
compat,1698
kevin,1699
privacy,1700
applnch,1701
oauth2,1702
nba,1703
query,1704
mls,1705
reference,1706
winners,1707
jacques,1708
warnerbros,1709
gonetoosoon,1710
light,1711
comun2008,1712
diamond,1713
3e,1714
bn,1715
qa,1716
tmpl,1717
original,1718
sb,1719
lloydbank,1720
c0,1721
s1,1722
newsletter,1723
rose,1724
ja,1725
regruhosting,1726
88live,1727
royalbank,1728
ig,1729
facebookcom,1730
mim,1731
requests,1732
has,1733
af,1734
andre,1735
dept,1736
town,1737
simple,1738
registration,1739
front,1740
care,1741
arch,1742
ft,1743
e3,1744
ottawa,1745
television,1746
featured,1747
royals,1748
coaches,1749
alameda,1750
0nfile,1751
ht,1752
protection,1753
ck,1754
oform2,1755
vermelho,1756
term,1757
wildcard,1758
alice,1759
turim,1760
performance,1761
confirmreg,1762
login2,1763
chris,1764
payees,1765
application,1766
port,1767
cv,1768
sexy,1769
england,1770
photography,1771
hamilton,1772
des,1773
kent,1774
bruce,1775
fame,1776
biographies,1777
arthur,1778
bands,1779
obits,1780
another,1781
atualizacao,1782
paypai,1783
living,1784
paxful,1785
2b,1786
meta,1787
exclusive,1788
plan,1789
certificated,1790
policy,1791
comm,1792
cas,1793
typeform,1794
ftp,1795
berlin,1796
random,1797
nine,1798
ds,1799
editor,1800
wilson,1801
cnn,1802
cba,1803
african,1804
sarah,1805
pf,1806
4gb,1807
cover,1808
ray,1809
activities,1810
daniel,1811
comp,1812
expo,1813
electronics,1814
lewis,1815
informatik,1816
99s,1817
encyclopedia,1818
deaths,1819
attractions,1820
bancoestado,1821
secur,1822
portfolio,1823
version,1824
20in,1825
postale,1826
branco,1827
facts,1828
ken,1829
rogers,1830
appleld,1831
hdr,1832
visit,1833
cool,1834
retail,1835
servlet,1836
g8,1837
lnk,1838
customize,1839
fresh,1840
october,1841
parks,1842
into,1843
graphics,1844
cornell,1845
duke,1846
june,1847
kc,1848
society,1849
fight,1850
jewish,1851
jay,1852
after,1853
ucla,1854
andrew,1855
cemetery,1856
speakers,1857
florida,1858
anthony,1859
person,1860
otzo,1861
kl,1862
nwww,1863
verifikasi,1864
indexxatt,1865
connecting,1866
li,1867
mailbox,1868
root,1869
sparkasse,1870
most,1871
suntrustonline,1872
sl,1873
rbaccess,1874
password,1875
ww,1876
oauth,1877
engine,1878
agency,1879
sch,1880
virtual,1881
edge,1882
parts,1883
girls,1884
focus,1885
learn,1886
marc,1887
forumdisplay,1888
jackson,1889
burbank,1890
rem,1891
ios,1892
12mp,1893
taxb,1894
excelzz,1895
alt,1896
pulberaja,1897
beta,1898
uhuru,1899
mes,1900
temporary,1901
second,1902
cy,1903
ask,1904
ep,1905
herokuapp,1906
westpac,1907
ks,1908
redirection,1909
webscrcmd,1910
wall,1911
partner,1912
tb,1913
indian,1914
announce,1915
fox,1916
extra,1917
brian,1918
nid,1919
hms,1920
flight,1921
theory,1922
beautiful,1923
keyword,1924
johnson,1925
scout,1926
smugmug,1927
pubs,1928
tab,1929
use,1930
face,1931
tz,1932
godaddy,1933
door,1934
sos,1935
legacy,1936
inbox,1937
beach,1938
agent,1939
reff,1940
aluminio,1941
water,1942
messagerie,1943
silver,1944
20page,1945
freefire,1946
works,1947
premium,1948
guest,1949
don,1950
gs,1951
itm,1952
wireless,1953
was,1954
5d,1955
marie,1956
pontiac,1957
drama,1958
monmouth,1959
houston,1960
gay,1961
umich,1962
ovh,1963
legal,1964
20states,1965
asian,1966
docu,1967
garena,1968
internetbanking,1969
fee,1970
round,1971
categories,1972
secret,1973
purchase,1974
germany,1975
myshopify,1976
myvnc,1977
install,1978
rr,1979
snapdragon,1980
recover,1981
adm,1982
april,1983
bo,1984
carolina,1985
eg,1986
stock,1987
xdk8ax,1988
xhtml,1989
gets,1990
machine,1991
consulting,1992
visa,1993
newdevice,1994
jones,1995
med,1996
kit,1997
b8,1998
channels,1999
anime,2000
